"Condition_Num","acc","accuracy","average_response_time","avg_rt","background","bidi","booklet","booklet_assign","canvas_backend","clock_backend","color_backend","compensation","comprehension_q","condition","coordinates","correct","correct_Instr_1_response","correct_Instr_1_response_1","correct_Instr_1_response_1_1","correct_comprehension_response","correct_passage_response","correct_probe_response","correct_response","count_Booklet_Assignment","count_Comprehension","count_End_of_Experiment","count_End_of_Experiment_Inst","count_Instr_1_response","count_Instr_1_response_1","count_Instr_1_response_1_1","count_Instruction1","count_Instruction1_1","count_Instruction1_1_1","count_Instructions","count_Instructions_1","count_Instructions_2","count_Instructions_2_1","count_P1_Comprehension_Instructions","count_P2_Comprehension_Instructions","count_P3_Comprehension_Instructions","count_P4_Comprehension_Instructions","count_P5_Comprehension_Instructions","count_P6_Comprehension_Instructions","count_P7_Comprehension_Instructions","count_P8_Comprehension_Instructions","count_Passage","count_Passage_1","count_Passage_1_Booklet_1","count_Passage_1_Booklet_2","count_Passage_1_Comprehension","count_Passage_2","count_Passage_2_Booklet_1","count_Passage_2_Booklet_2","count_Passage_2_Comprehension","count_Passage_3","count_Passage_3_Booklet_1","count_Passage_3_Booklet_2","count_Passage_3_Comprehension","count_Passage_4","count_Passage_4_Booklet_1","count_Passage_4_Booklet_2","count_Passage_4_Comprehension","count_Passage_5","count_Passage_5_Booklet_1","count_Passage_5_Booklet_2","count_Passage_5_Comprehension","count_Passage_6","count_Passage_6_Booklet_1","count_Passage_6_Booklet_2","count_Passage_6_Comprehension","count_Passage_7","count_Passage_7_Booklet_1","count_Passage_7_Booklet_2","count_Passage_7_Comprehension","count_Passage_8","count_Passage_8_Booklet_1","count_Passage_8_Booklet_2","count_Passage_8_Comprehension","count_Passage_Comprehension","count_Passage_sequence","count_Probe","count_comprehension_response","count_experiment","count_logger","count_passage_response","count_probe_response","datetime","description","disable_garbage_collection","experiment_file","experiment_path","font_bold","font_family","font_italic","font_size","font_underline","foreground","form_clicks","fullscreen","height","instruct_num","instruct_text","keyboard_backend","line","line_text","live_row","live_row_Booklet_Assignment","live_row_Instructions_1","live_row_Passage_1_Booklet_2","logfile","mouse_backend","opensesame_codename","opensesame_version","osf_id","passage","probe","repeat_cycle","response","response_Instr_1_response","response_Instr_1_response_1","response_Instr_1_response_1_1","response_comprehension_response","response_passage_response","response_probe_response","response_time","response_time_Instr_1_response","response_time_Instr_1_response_1","response_time_Instr_1_response_1_1","response_time_comprehension_response","response_time_passage_response","response_time_probe_response","round_decimals","sampler_backend","sound_buf_size","sound_channels","sound_freq","sound_sample_size","start","subject_nr","subject_parity","time_Booklet_Assignment","time_Comprehension","time_End_of_Experiment","time_End_of_Experiment_Inst","time_Instr_1_response","time_Instr_1_response_1","time_Instr_1_response_1_1","time_Instruction1","time_Instruction1_1","time_Instruction1_1_1","time_Instructions","time_Instructions_1","time_Instructions_2","time_Instructions_2_1","time_P1_Comprehension_Instructions","time_P2_Comprehension_Instructions","time_P3_Comprehension_Instructions","time_P4_Comprehension_Instructions","time_P5_Comprehension_Instructions","time_P6_Comprehension_Instructions","time_P7_Comprehension_Instructions","time_P8_Comprehension_Instructions","time_Passage","time_Passage_1","time_Passage_1_Booklet_1","time_Passage_1_Booklet_2","time_Passage_1_Comprehension","time_Passage_2","time_Passage_2_Booklet_1","time_Passage_2_Booklet_2","time_Passage_2_Comprehension","time_Passage_3","time_Passage_3_Booklet_1","time_Passage_3_Booklet_2","time_Passage_3_Comprehension","time_Passage_4","time_Passage_4_Booklet_1","time_Passage_4_Booklet_2","time_Passage_4_Comprehension","time_Passage_5","time_Passage_5_Booklet_1","time_Passage_5_Booklet_2","time_Passage_5_Comprehension","time_Passage_6","time_Passage_6_Booklet_1","time_Passage_6_Booklet_2","time_Passage_6_Comprehension","time_Passage_7","time_Passage_7_Booklet_1","time_Passage_7_Booklet_2","time_Passage_7_Comprehension","time_Passage_8","time_Passage_8_Booklet_1","time_Passage_8_Booklet_2","time_Passage_8_Comprehension","time_Passage_Comprehension","time_Passage_sequence","time_Probe","time_comprehension_response","time_experiment","time_logger","time_passage_response","time_probe_response","title","total_correct","total_response_time","total_responses","uniform_coordinates","width"
"2","100","100","43393.7142857","43393.7142857","white","no","2","2","xpyriment","legacy","legacy","0","n","Easy","uniform","undefined","1","NA","NA","NA","undefined","NA","NA","0","NA","0","0","5","NA","NA","5","NA","NA","5","0","NA","NA","0","0","0","0","0","0","0","0","0","0","0","0","0","0","0","0","0","0","0","0","0","0","0","0","0","0","0","0","0","0","0","0","0","0","0","0","0","0","0","0","0","NA","0","0","NA","0","1","0","0","06/23/17 11:53:33","The main experiment item","yes","FengReplication.osexp","C:\Users\Levi\Desktop","no","mono","no","18","no","black","no","yes","768","6","Do you have any questions so far?<br /><br/>If not, you may press the spacebar key to read the first passage.","legacy","0","Passage 1","0","0","5","0","C:/Users/Levi/Desktop/subject-3006.csv","xpyriment","Jazzy James","3.1.6","5942b73bb83f690229b9b281","1","n","0","space","space","NA","NA","NA","space","NA","3625","3178","NA","NA","NA","3625","NA","2","legacy","1024","2","48000","-16","experiment","3006","even","1614","NA","NA","NA","300686","NA","NA","300686","NA","NA","300681","1616","NA","NA","NA","NA","NA","NA","NA","NA","NA","NA","304049","303886","NA","303886","NA","NA","NA","NA","NA","NA","NA","NA","NA","NA","NA","NA","NA","NA","NA","NA","NA","NA","NA","NA","NA","NA","NA","NA","NA","NA","NA","NA","NA","NA","304044","NA","NA","1614","307674","304049","NA","Feng Replication","6","303756","7","yes","1024"
"2","100","100","38665.5","38665.5","white","no","2","2","xpyriment","legacy","legacy","0","n","Easy","uniform","undefined","1","NA","NA","NA","undefined","NA","NA","0","NA","0","0","5","NA","NA","5","NA","NA","5","0","NA","NA","0","0","0","0","0","0","0","0","1","0","0","0","0","0","0","0","0","0","0","0","0","0","0","0","0","0","0","0","0","0","0","0","0","0","0","0","0","0","0","0","0","NA","1","1","NA","0","3","1","1","06/23/17 11:53:33","The main experiment item","yes","FengReplication.osexp","C:\Users\Levi\Desktop","no","mono","no","18","no","black","no","yes","768","6","Do you have any questions so far?<br /><br/>If not, you may press the spacebar key to read the first passage.","legacy","1","Elizabeth Barrett was wise enough to see that Browning was a fine <br/>poet.","1","0","5","1","C:/Users/Levi/Desktop/subject-3006.csv","xpyriment","Jazzy James","3.1.6","5942b73bb83f690229b9b281","1","n","0","space","space","NA","NA","NA","space","NA","5568","3178","NA","NA","NA","5568","NA","2","legacy","1024","2","48000","-16","experiment","3006","even","1614","NA","NA","NA","300686","NA","NA","300686","NA","NA","300681","1616","NA","NA","NA","NA","NA","NA","NA","NA","NA","NA","308011","303886","NA","303886","NA","NA","NA","NA","NA","NA","NA","NA","NA","NA","NA","NA","NA","NA","NA","NA","NA","NA","NA","NA","NA","NA","NA","NA","NA","NA","NA","NA","NA","NA","308005","NA","NA","1614","313579","308011","NA","Feng Replication","6","309324","8","yes","1024"
"2","100","100","36424.1111111","36424.1111111","white","no","2","2","xpyriment","legacy","legacy","0","n","Easy","uniform","undefined","1","NA","NA","NA","undefined","NA","NA","0","NA","0","0","5","NA","NA","5","NA","NA","5","0","NA","NA","0","0","0","0","0","0","0","0","2","0","0","0","0","0","0","0","0","0","0","0","0","0","0","0","0","0","0","0","0","0","0","0","0","0","0","0","0","0","0","0","0","NA","2","2","NA","0","5","2","2","06/23/17 11:53:33","The main experiment item","yes","FengReplication.osexp","C:\Users\Levi\Desktop","no","mono","no","18","no","black","no","yes","768","6","Do you have any questions so far?<br /><br/>If not, you may press the spacebar key to read the first passage.","legacy","2","The young man with the lemon-colored gloves and long dark hair and <br/>high-strung, restless manner who had visited her in 1846 had been <br/>moved to write to her because she had praised his poetry.","2","0","5","2","C:/Users/Levi/Desktop/subject-3006.csv","xpyriment","Jazzy James","3.1.6","5942b73bb83f690229b9b281","1","y","0","space","space","NA","NA","NA","space","NA","18493","3178","NA","NA","NA","18493","NA","2","legacy","1024","2","48000","-16","experiment","3006","even","1614","NA","NA","NA","300686","NA","NA","300686","NA","NA","300681","1616","NA","NA","NA","NA","NA","NA","NA","NA","NA","NA","313988","303886","NA","303886","NA","NA","NA","NA","NA","NA","NA","NA","NA","NA","NA","NA","NA","NA","NA","NA","NA","NA","NA","NA","NA","NA","NA","NA","NA","NA","NA","NA","NA","NA","313982","NA","NA","1614","332481","313988","NA","Feng Replication","6","327817","9","yes","1024"
"2","100","100","32967.1","32967.1","white","no","2","2","xpyriment","legacy","legacy","0","n","Easy","uniform","undefined","1","NA","NA","NA","undefined","undefined","NA","0","NA","0","0","5","NA","NA","5","NA","NA","5","0","NA","NA","0","0","0","0","0","0","0","0","2","0","0","0","0","0","0","0","0","0","0","0","0","0","0","0","0","0","0","0","0","0","0","0","0","0","0","0","0","0","0","0","0","NA","2","2","NA","0","5","2","2","06/23/17 11:53:33","The main experiment item","yes","FengReplication.osexp","C:\Users\Levi\Desktop","no","mono","no","18","no","black","no","yes","768","6","Do you have any questions so far?<br /><br/>If not, you may press the spacebar key to read the first passage.","legacy","2","The young man with the lemon-colored gloves and long dark hair and <br/>high-strung, restless manner who had visited her in 1846 had been <br/>moved to write to her because she had praised his poetry.","2","0","5","2","C:/Users/Levi/Desktop/subject-3006.csv","xpyriment","Jazzy James","3.1.6","5942b73bb83f690229b9b281","1","y","0","n","space","NA","NA","NA","space","n","1854","3178","NA","NA","NA","18493","1854","2","legacy","1024","2","48000","-16","experiment","3006","even","1614","NA","NA","NA","300686","NA","NA","300686","NA","NA","300681","1616","NA","NA","NA","NA","NA","NA","NA","NA","NA","NA","313988","303886","NA","303886","NA","NA","NA","NA","NA","NA","NA","NA","NA","NA","NA","NA","NA","NA","NA","NA","NA","NA","NA","NA","NA","NA","NA","NA","NA","NA","NA","NA","NA","NA","313982","332568","NA","1614","334422","313988","332568","Feng Replication","6","329671","10","yes","1024"
"2","100","100","32632.0909091","32632.0909091","white","no","2","2","xpyriment","legacy","legacy","0","n","Easy","uniform","undefined","1","NA","NA","NA","undefined","undefined","NA","0","NA","0","0","5","NA","NA","5","NA","NA","5","0","NA","NA","0","0","0","0","0","0","0","0","3","0","0","0","0","0","0","0","0","0","0","0","0","0","0","0","0","0","0","0","0","0","0","0","0","0","0","0","0","0","0","0","0","NA","3","3","NA","0","7","3","3","06/23/17 11:53:33","The main experiment item","yes","FengReplication.osexp","C:\Users\Levi\Desktop","no","mono","no","18","no","black","no","yes","768","6","Do you have any questions so far?<br /><br/>If not, you may press the spacebar key to read the first passage.","legacy","3","She found the man even more to her liking than the verse, and it was <br/>not so very long-only the time between May, 1845 and September, 1846-<br/>before Robert Browning had stolen the poetess from the dour father <br/>who guarded her like a dragon (never wanting her to marry any man), <br/>and taken her with him to Italy and a new life.","3","0","5","3","C:/Users/Levi/Desktop/subject-3006.csv","xpyriment","Jazzy James","3.1.6","5942b73bb83f690229b9b281","1","y","0","space","space","NA","NA","NA","space","n","29282","3178","NA","NA","NA","29282","1854","2","legacy","1024","2","48000","-16","experiment","3006","even","1614","NA","NA","NA","300686","NA","NA","300686","NA","NA","300681","1616","NA","NA","NA","NA","NA","NA","NA","NA","NA","NA","334949","303886","NA","303886","NA","NA","NA","NA","NA","NA","NA","NA","NA","NA","NA","NA","NA","NA","NA","NA","NA","NA","NA","NA","NA","NA","NA","NA","NA","NA","NA","NA","NA","NA","334944","332568","NA","1614","364233","334950","332568","Feng Replication","6","358953","11","yes","1024"
"2","100","100","30080.3333333","30080.3333333","white","no","2","2","xpyriment","legacy","legacy","0","n","Easy","uniform","undefined","1","NA","NA","NA","undefined","undefined","NA","0","NA","0","0","5","NA","NA","5","NA","NA","5","0","NA","NA","0","0","0","0","0","0","0","0","3","0","0","0","0","0","0","0","0","0","0","0","0","0","0","0","0","0","0","0","0","0","0","0","0","0","0","0","0","0","0","0","0","NA","3","3","NA","0","7","3","3","06/23/17 11:53:33","The main experiment item","yes","FengReplication.osexp","C:\Users\Levi\Desktop","no","mono","no","18","no","black","no","yes","768","6","Do you have any questions so far?<br /><br/>If not, you may press the spacebar key to read the first passage.","legacy","3","She found the man even more to her liking than the verse, and it was <br/>not so very long-only the time between May, 1845 and September, 1846-<br/>before Robert Browning had stolen the poetess from the dour father <br/>who guarded her like a dragon (never wanting her to marry any man), <br/>and taken her with him to Italy and a new life.","3","0","5","3","C:/Users/Levi/Desktop/subject-3006.csv","xpyriment","Jazzy James","3.1.6","5942b73bb83f690229b9b281","1","y","0","n","space","NA","NA","NA","space","n","2011","3178","NA","NA","NA","29282","2011","2","legacy","1024","2","48000","-16","experiment","3006","even","1614","NA","NA","NA","300686","NA","NA","300686","NA","NA","300681","1616","NA","NA","NA","NA","NA","NA","NA","NA","NA","NA","334949","303886","NA","303886","NA","NA","NA","NA","NA","NA","NA","NA","NA","NA","NA","NA","NA","NA","NA","NA","NA","NA","NA","NA","NA","NA","NA","NA","NA","NA","NA","NA","NA","NA","334944","364311","NA","1614","366323","334950","364311","Feng Replication","6","360964","12","yes","1024"
"2","100","100","28335.5384615","28335.5384615","white","no","2","2","xpyriment","legacy","legacy","0","n","Easy","uniform","undefined","1","NA","NA","NA","undefined","undefined","NA","0","NA","0","0","5","NA","NA","5","NA","NA","5","0","NA","NA","0","0","0","0","0","0","0","0","4","0","0","0","0","0","0","0","0","0","0","0","0","0","0","0","0","0","0","0","0","0","0","0","0","0","0","0","0","0","0","0","0","NA","4","4","NA","0","9","4","4","06/23/17 11:53:33","The main experiment item","yes","FengReplication.osexp","C:\Users\Levi\Desktop","no","mono","no","18","no","black","no","yes","768","6","Do you have any questions so far?<br /><br/>If not, you may press the spacebar key to read the first passage.","legacy","4","One morning, soon after Robert and Elizabeth married; she thrust a <br/>manuscript into Robert's pocket.","4","0","5","4","C:/Users/Levi/Desktop/subject-3006.csv","xpyriment","Jazzy James","3.1.6","5942b73bb83f690229b9b281","1","n","0","space","space","NA","NA","NA","space","n","7398","3178","NA","NA","NA","7398","2011","2","legacy","1024","2","48000","-16","experiment","3006","even","1614","NA","NA","NA","300686","NA","NA","300686","NA","NA","300681","1616","NA","NA","NA","NA","NA","NA","NA","NA","NA","NA","366628","303886","NA","303886","NA","NA","NA","NA","NA","NA","NA","NA","NA","NA","NA","NA","NA","NA","NA","NA","NA","NA","NA","NA","NA","NA","NA","NA","NA","NA","NA","NA","NA","NA","366623","364311","NA","1614","374028","366629","364311","Feng Replication","6","368362","13","yes","1024"
"2","100","100","26576.5","26576.5","white","no","2","2","xpyriment","legacy","legacy","0","n","Easy","uniform","undefined","1","NA","NA","NA","undefined","undefined","NA","0","NA","0","0","5","NA","NA","5","NA","NA","5","0","NA","NA","0","0","0","0","0","0","0","0","5","0","0","0","0","0","0","0","0","0","0","0","0","0","0","0","0","0","0","0","0","0","0","0","0","0","0","0","0","0","0","0","0","NA","5","5","NA","0","11","5","5","06/23/17 11:53:33","The main experiment item","yes","FengReplication.osexp","C:\Users\Levi\Desktop","no","mono","no","18","no","black","no","yes","768","6","Do you have any questions so far?<br /><br/>If not, you may press the spacebar key to read the first passage.","legacy","5","Then she ran up to her room, embarrassed by her action.","5","0","5","5","C:/Users/Levi/Desktop/subject-3006.csv","xpyriment","Jazzy James","3.1.6","5942b73bb83f690229b9b281","1","n","0","space","space","NA","NA","NA","space","n","3709","3178","NA","NA","NA","3709","2011","2","legacy","1024","2","48000","-16","experiment","3006","even","1614","NA","NA","NA","300686","NA","NA","300686","NA","NA","300681","1616","NA","NA","NA","NA","NA","NA","NA","NA","NA","NA","374283","303886","NA","303886","NA","NA","NA","NA","NA","NA","NA","NA","NA","NA","NA","NA","NA","NA","NA","NA","NA","NA","NA","NA","NA","NA","NA","NA","NA","NA","NA","NA","NA","NA","374277","364311","NA","1614","377993","374283","364311","Feng Replication","6","372071","14","yes","1024"
"2","100","100","25135.4666667","25135.4666667","white","no","2","2","xpyriment","legacy","legacy","0","n","Easy","uniform","undefined","1","NA","NA","NA","undefined","undefined","NA","0","NA","0","0","5","NA","NA","5","NA","NA","5","0","NA","NA","0","0","0","0","0","0","0","0","6","0","0","0","0","0","0","0","0","0","0","0","0","0","0","0","0","0","0","0","0","0","0","0","0","0","0","0","0","0","0","0","0","NA","6","6","NA","0","13","6","6","06/23/17 11:53:33","The main experiment item","yes","FengReplication.osexp","C:\Users\Levi\Desktop","no","mono","no","18","no","black","no","yes","768","6","Do you have any questions so far?<br /><br/>If not, you may press the spacebar key to read the first passage.","legacy","6","The manuscript was a sonnet sequence that she had written about their <br/>courtship and their love letters.","6","0","5","6","C:/Users/Levi/Desktop/subject-3006.csv","xpyriment","Jazzy James","3.1.6","5942b73bb83f690229b9b281","1","n","0","space","space","NA","NA","NA","space","n","4961","3178","NA","NA","NA","4961","2011","2","legacy","1024","2","48000","-16","experiment","3006","even","1614","NA","NA","NA","300686","NA","NA","300686","NA","NA","300681","1616","NA","NA","NA","NA","NA","NA","NA","NA","NA","NA","378313","303886","NA","303886","NA","NA","NA","NA","NA","NA","NA","NA","NA","NA","NA","NA","NA","NA","NA","NA","NA","NA","NA","NA","NA","NA","NA","NA","NA","NA","NA","NA","NA","NA","378307","364311","NA","1614","383275","378313","364311","Feng Replication","6","377032","15","yes","1024"
"2","100","100","24031.5","24031.5","white","no","2","2","xpyriment","legacy","legacy","0","n","Easy","uniform","undefined","1","NA","NA","NA","undefined","undefined","NA","0","NA","0","0","5","NA","NA","5","NA","NA","5","0","NA","NA","0","0","0","0","0","0","0","0","7","0","0","0","0","0","0","0","0","0","0","0","0","0","0","0","0","0","0","0","0","0","0","0","0","0","0","0","0","0","0","0","0","NA","7","7","NA","0","15","7","7","06/23/17 11:53:33","The main experiment item","yes","FengReplication.osexp","C:\Users\Levi\Desktop","no","mono","no","18","no","black","no","yes","768","6","Do you have any questions so far?<br /><br/>If not, you may press the spacebar key to read the first passage.","legacy","7","Mrs. Browning never intended for these poems to be published, but <br/>Robert promptly insisted that they must be.","7","0","5","7","C:/Users/Levi/Desktop/subject-3006.csv","xpyriment","Jazzy James","3.1.6","5942b73bb83f690229b9b281","1","n","0","space","space","NA","NA","NA","space","n","7472","3178","NA","NA","NA","7472","2011","2","legacy","1024","2","48000","-16","experiment","3006","even","1614","NA","NA","NA","300686","NA","NA","300686","NA","NA","300681","1616","NA","NA","NA","NA","NA","NA","NA","NA","NA","NA","383587","303886","NA","303886","NA","NA","NA","NA","NA","NA","NA","NA","NA","NA","NA","NA","NA","NA","NA","NA","NA","NA","NA","NA","NA","NA","NA","NA","NA","NA","NA","NA","NA","NA","383582","364311","NA","1614","391060","383587","364311","Feng Replication","6","384504","16","yes","1024"
"2","100","100","22824.8823529","22824.8823529","white","no","2","2","xpyriment","legacy","legacy","0","n","Easy","uniform","undefined","1","NA","NA","NA","undefined","undefined","NA","0","NA","0","0","5","NA","NA","5","NA","NA","5","0","NA","NA","0","0","0","0","0","0","0","0","8","0","0","0","0","0","0","0","0","0","0","0","0","0","0","0","0","0","0","0","0","0","0","0","0","0","0","0","0","0","0","0","0","NA","8","8","NA","0","17","8","8","06/23/17 11:53:33","The main experiment item","yes","FengReplication.osexp","C:\Users\Levi\Desktop","no","mono","no","18","no","black","no","yes","768","6","Do you have any questions so far?<br /><br/>If not, you may press the spacebar key to read the first passage.","legacy","8","He suggested calling them Sonnets from the Portuguese.","8","0","5","8","C:/Users/Levi/Desktop/subject-3006.csv","xpyriment","Jazzy James","3.1.6","5942b73bb83f690229b9b281","1","n","0","space","space","NA","NA","NA","space","n","3519","3178","NA","NA","NA","3519","2011","2","legacy","1024","2","48000","-16","experiment","3006","even","1614","NA","NA","NA","300686","NA","NA","300686","NA","NA","300681","1616","NA","NA","NA","NA","NA","NA","NA","NA","NA","NA","391301","303886","NA","303886","NA","NA","NA","NA","NA","NA","NA","NA","NA","NA","NA","NA","NA","NA","NA","NA","NA","NA","NA","NA","NA","NA","NA","NA","NA","NA","NA","NA","NA","NA","391295","364311","NA","1614","394820","391301","364311","Feng Replication","6","388023","17","yes","1024"
"2","100","100","21745.2777778","21745.2777778","white","no","2","2","xpyriment","legacy","legacy","0","n","Easy","uniform","undefined","1","NA","NA","NA","undefined","undefined","NA","0","NA","0","0","5","NA","NA","5","NA","NA","5","0","NA","NA","0","0","0","0","0","0","0","0","9","0","0","0","0","0","0","0","0","0","0","0","0","0","0","0","0","0","0","0","0","0","0","0","0","0","0","0","0","0","0","0","0","NA","9","9","NA","0","19","9","9","06/23/17 11:53:33","The main experiment item","yes","FengReplication.osexp","C:\Users\Levi\Desktop","no","mono","no","18","no","black","no","yes","768","6","Do you have any questions so far?<br /><br/>If not, you may press the spacebar key to read the first passage.","legacy","9","He may have suggested this title to hide the fact that the poems were <br/>personal.","9","0","5","9","C:/Users/Levi/Desktop/subject-3006.csv","xpyriment","Jazzy James","3.1.6","5942b73bb83f690229b9b281","1","n","0","space","space","NA","NA","NA","space","n","3392","3178","NA","NA","NA","3392","2011","2","legacy","1024","2","48000","-16","experiment","3006","even","1614","NA","NA","NA","300686","NA","NA","300686","NA","NA","300681","1616","NA","NA","NA","NA","NA","NA","NA","NA","NA","NA","395088","303886","NA","303886","NA","NA","NA","NA","NA","NA","NA","NA","NA","NA","NA","NA","NA","NA","NA","NA","NA","NA","NA","NA","NA","NA","NA","NA","NA","NA","NA","NA","NA","NA","395082","364311","NA","1614","398481","395088","364311","Feng Replication","6","391415","18","yes","1024"
"2","100","100","20885.1578947","20885.1578947","white","no","2","2","xpyriment","legacy","legacy","0","n","Easy","uniform","undefined","1","NA","NA","NA","undefined","undefined","NA","0","NA","0","0","5","NA","NA","5","NA","NA","5","0","NA","NA","0","0","0","0","0","0","0","0","10","0","0","0","0","0","0","0","0","0","0","0","0","0","0","0","0","0","0","0","0","0","0","0","0","0","0","0","0","0","0","0","0","NA","10","10","NA","0","21","10","10","06/23/17 11:53:33","The main experiment item","yes","FengReplication.osexp","C:\Users\Levi\Desktop","no","mono","no","18","no","black","no","yes","768","6","Do you have any questions so far?<br /><br/>If not, you may press the spacebar key to read the first passage.","legacy","10","He thought that these poems were 'the finest sonnets written in our <br/>language since Shakespeare's.'","10","0","5","10","C:/Users/Levi/Desktop/subject-3006.csv","xpyriment","Jazzy James","3.1.6","5942b73bb83f690229b9b281","1","n","0","space","space","NA","NA","NA","space","n","5403","3178","NA","NA","NA","5403","2011","2","legacy","1024","2","48000","-16","experiment","3006","even","1614","NA","NA","NA","300686","NA","NA","300686","NA","NA","300681","1616","NA","NA","NA","NA","NA","NA","NA","NA","NA","NA","398797","303886","NA","303886","NA","NA","NA","NA","NA","NA","NA","NA","NA","NA","NA","NA","NA","NA","NA","NA","NA","NA","NA","NA","NA","NA","NA","NA","NA","NA","NA","NA","NA","NA","398792","364311","NA","1614","404202","398798","364311","Feng Replication","6","396818","19","yes","1024"
"2","100","100","20428.7","20428.7","white","no","2","2","xpyriment","legacy","legacy","0","n","Easy","uniform","undefined","1","NA","NA","NA","undefined","undefined","NA","0","NA","0","0","5","NA","NA","5","NA","NA","5","0","NA","NA","0","0","0","0","0","0","0","0","11","0","0","0","0","0","0","0","0","0","0","0","0","0","0","0","0","0","0","0","0","0","0","0","0","0","0","0","0","0","0","0","0","NA","11","11","NA","0","23","11","11","06/23/17 11:53:33","The main experiment item","yes","FengReplication.osexp","C:\Users\Levi\Desktop","no","mono","no","18","no","black","no","yes","768","6","Do you have any questions so far?<br /><br/>If not, you may press the spacebar key to read the first passage.","legacy","11","Robert Browning's opinion of Sonnets from the Portuguese was <br/>flattering to his wife, the same as his opinion of most of her <br/>poetry.","11","0","5","11","C:/Users/Levi/Desktop/subject-3006.csv","xpyriment","Jazzy James","3.1.6","5942b73bb83f690229b9b281","1","n","0","space","space","NA","NA","NA","space","n","11756","3178","NA","NA","NA","11756","2011","2","legacy","1024","2","48000","-16","experiment","3006","even","1614","NA","NA","NA","300686","NA","NA","300686","NA","NA","300681","1616","NA","NA","NA","NA","NA","NA","NA","NA","NA","NA","404630","303886","NA","303886","NA","NA","NA","NA","NA","NA","NA","NA","NA","NA","NA","NA","NA","NA","NA","NA","NA","NA","NA","NA","NA","NA","NA","NA","NA","NA","NA","NA","NA","NA","404624","364311","NA","1614","416387","404630","364311","Feng Replication","6","408574","20","yes","1024"
"2","100","100","19959.7619048","19959.7619048","white","no","2","2","xpyriment","legacy","legacy","0","n","Easy","uniform","undefined","1","NA","NA","NA","undefined","undefined","NA","0","NA","0","0","5","NA","NA","5","NA","NA","5","0","NA","NA","0","0","0","0","0","0","0","0","12","0","0","0","0","0","0","0","0","0","0","0","0","0","0","0","0","0","0","0","0","0","0","0","0","0","0","0","0","0","0","0","0","NA","12","12","NA","0","25","12","12","06/23/17 11:53:33","The main experiment item","yes","FengReplication.osexp","C:\Users\Levi\Desktop","no","mono","no","18","no","black","no","yes","768","6","Do you have any questions so far?<br /><br/>If not, you may press the spacebar key to read the first passage.","legacy","12","He thought that she was a better poet than he was, and the world at <br/>that time agreed with him.","12","0","5","12","C:/Users/Levi/Desktop/subject-3006.csv","xpyriment","Jazzy James","3.1.6","5942b73bb83f690229b9b281","1","n","0","space","space","NA","NA","NA","space","n","10581","3178","NA","NA","NA","10581","2011","2","legacy","1024","2","48000","-16","experiment","3006","even","1614","NA","NA","NA","300686","NA","NA","300686","NA","NA","300681","1616","NA","NA","NA","NA","NA","NA","NA","NA","NA","NA","416663","303886","NA","303886","NA","NA","NA","NA","NA","NA","NA","NA","NA","NA","NA","NA","NA","NA","NA","NA","NA","NA","NA","NA","NA","NA","NA","NA","NA","NA","NA","NA","NA","NA","416657","364311","NA","1614","427245","416663","364311","Feng Replication","6","419155","21","yes","1024"
"2","100","100","19299.6363636","19299.6363636","white","no","2","2","xpyriment","legacy","legacy","0","n","Easy","uniform","undefined","1","NA","NA","NA","undefined","undefined","NA","0","NA","0","0","5","NA","NA","5","NA","NA","5","0","NA","NA","0","0","0","0","0","0","0","0","13","0","0","0","0","0","0","0","0","0","0","0","0","0","0","0","0","0","0","0","0","0","0","0","0","0","0","0","0","0","0","0","0","NA","13","13","NA","0","27","13","13","06/23/17 11:53:33","The main experiment item","yes","FengReplication.osexp","C:\Users\Levi\Desktop","no","mono","no","18","no","black","no","yes","768","6","Do you have any questions so far?<br /><br/>If not, you may press the spacebar key to read the first passage.","legacy","13","He called her his 'moon of poets,' and she considered him her sun.","13","0","5","13","C:/Users/Levi/Desktop/subject-3006.csv","xpyriment","Jazzy James","3.1.6","5942b73bb83f690229b9b281","1","n","0","space","space","NA","NA","NA","space","n","5437","3178","NA","NA","NA","5437","2011","2","legacy","1024","2","48000","-16","experiment","3006","even","1614","NA","NA","NA","300686","NA","NA","300686","NA","NA","300681","1616","NA","NA","NA","NA","NA","NA","NA","NA","NA","NA","427532","303886","NA","303886","NA","NA","NA","NA","NA","NA","NA","NA","NA","NA","NA","NA","NA","NA","NA","NA","NA","NA","NA","NA","NA","NA","NA","NA","NA","NA","NA","NA","NA","NA","427527","364311","NA","1614","432970","427533","364311","Feng Replication","6","424592","22","yes","1024"
"2","100","100","18625.6086957","18625.6086957","white","no","2","2","xpyriment","legacy","legacy","0","n","Easy","uniform","undefined","1","NA","NA","NA","undefined","undefined","NA","0","NA","0","0","5","NA","NA","5","NA","NA","5","0","NA","NA","0","0","0","0","0","0","0","0","14","0","0","0","0","0","0","0","0","0","0","0","0","0","0","0","0","0","0","0","0","0","0","0","0","0","0","0","0","0","0","0","0","NA","14","14","NA","0","29","14","14","06/23/17 11:53:33","The main experiment item","yes","FengReplication.osexp","C:\Users\Levi\Desktop","no","mono","no","18","no","black","no","yes","768","6","Do you have any questions so far?<br /><br/>If not, you may press the spacebar key to read the first passage.","legacy","14","Elizabeth Barrett Browning was a pure singer with a lovely lyrical <br/>tenderness.","14","0","5","14","C:/Users/Levi/Desktop/subject-3006.csv","xpyriment","Jazzy James","3.1.6","5942b73bb83f690229b9b281","1","n","0","space","space","NA","NA","NA","space","n","3797","3178","NA","NA","NA","3797","2011","2","legacy","1024","2","48000","-16","experiment","3006","even","1614","NA","NA","NA","300686","NA","NA","300686","NA","NA","300681","1616","NA","NA","NA","NA","NA","NA","NA","NA","NA","NA","433272","303886","NA","303886","NA","NA","NA","NA","NA","NA","NA","NA","NA","NA","NA","NA","NA","NA","NA","NA","NA","NA","NA","NA","NA","NA","NA","NA","NA","NA","NA","NA","NA","NA","433266","364311","NA","1614","437070","433272","364311","Feng Replication","6","428389","23","yes","1024"
"2","100","100","17996.625","17996.625","white","no","2","2","xpyriment","legacy","legacy","0","n","Easy","uniform","undefined","1","NA","NA","NA","undefined","undefined","NA","0","NA","0","0","5","NA","NA","5","NA","NA","5","0","NA","NA","0","0","0","0","0","0","0","0","15","0","0","0","0","0","0","0","0","0","0","0","0","0","0","0","0","0","0","0","0","0","0","0","0","0","0","0","0","0","0","0","0","NA","15","15","NA","0","31","15","15","06/23/17 11:53:33","The main experiment item","yes","FengReplication.osexp","C:\Users\Levi\Desktop","no","mono","no","18","no","black","no","yes","768","6","Do you have any questions so far?<br /><br/>If not, you may press the spacebar key to read the first passage.","legacy","15","She was the best poet of her sex since Sappho.","15","0","5","15","C:/Users/Levi/Desktop/subject-3006.csv","xpyriment","Jazzy James","3.1.6","5942b73bb83f690229b9b281","1","n","0","space","space","NA","NA","NA","space","n","3530","3178","NA","NA","NA","3530","2011","2","legacy","1024","2","48000","-16","experiment","3006","even","1614","NA","NA","NA","300686","NA","NA","300686","NA","NA","300681","1616","NA","NA","NA","NA","NA","NA","NA","NA","NA","NA","437334","303886","NA","303886","NA","NA","NA","NA","NA","NA","NA","NA","NA","NA","NA","NA","NA","NA","NA","NA","NA","NA","NA","NA","NA","NA","NA","NA","NA","NA","NA","NA","NA","NA","437329","364311","NA","1614","440866","437335","364311","Feng Replication","6","431919","24","yes","1024"
"2","100","100","17602.16","17602.16","white","no","2","2","xpyriment","legacy","legacy","0","n","Easy","uniform","undefined","1","NA","NA","NA","undefined","undefined","NA","0","NA","0","0","5","NA","NA","5","NA","NA","5","0","NA","NA","0","0","0","0","0","0","0","0","16","0","0","0","0","0","0","0","0","0","0","0","0","0","0","0","0","0","0","0","0","0","0","0","0","0","0","0","0","0","0","0","0","NA","16","16","NA","0","33","16","16","06/23/17 11:53:33","The main experiment item","yes","FengReplication.osexp","C:\Users\Levi\Desktop","no","mono","no","18","no","black","no","yes","768","6","Do you have any questions so far?<br /><br/>If not, you may press the spacebar key to read the first passage.","legacy","16","Her Sonnets reveal a woman's secret soul like no other poetry in our <br/>literature up to that time.","16","0","5","16","C:/Users/Levi/Desktop/subject-3006.csv","xpyriment","Jazzy James","3.1.6","5942b73bb83f690229b9b281","1","n","0","space","space","NA","NA","NA","space","n","8135","3178","NA","NA","NA","8135","2011","2","legacy","1024","2","48000","-16","experiment","3006","even","1614","NA","NA","NA","300686","NA","NA","300686","NA","NA","300681","1616","NA","NA","NA","NA","NA","NA","NA","NA","NA","NA","441174","303886","NA","303886","NA","NA","NA","NA","NA","NA","NA","NA","NA","NA","NA","NA","NA","NA","NA","NA","NA","NA","NA","NA","NA","NA","NA","NA","NA","NA","NA","NA","NA","NA","441169","364311","NA","1614","449309","441174","364311","Feng Replication","6","440054","25","yes","1024"
"2","100","100","17147","17147","white","no","2","2","xpyriment","legacy","legacy","0","n","Easy","uniform","undefined","1","NA","NA","NA","undefined","undefined","NA","0","NA","0","0","5","NA","NA","5","NA","NA","5","0","NA","NA","0","0","0","0","0","0","0","0","17","0","0","0","0","0","0","0","0","0","0","0","0","0","0","0","0","0","0","0","0","0","0","0","0","0","0","0","0","0","0","0","0","NA","17","17","NA","0","35","17","17","06/23/17 11:53:33","The main experiment item","yes","FengReplication.osexp","C:\Users\Levi\Desktop","no","mono","no","18","no","black","no","yes","768","6","Do you have any questions so far?<br /><br/>If not, you may press the spacebar key to read the first passage.","legacy","17","They did so with autobiographical honesty, fine moderation and <br/>fullness.","17","0","5","17","C:/Users/Levi/Desktop/subject-3006.csv","xpyriment","Jazzy James","3.1.6","5942b73bb83f690229b9b281","1","n","0","space","space","NA","NA","NA","space","n","5768","3178","NA","NA","NA","5768","2011","2","legacy","1024","2","48000","-16","experiment","3006","even","1614","NA","NA","NA","300686","NA","NA","300686","NA","NA","300681","1616","NA","NA","NA","NA","NA","NA","NA","NA","NA","NA","449580","303886","NA","303886","NA","NA","NA","NA","NA","NA","NA","NA","NA","NA","NA","NA","NA","NA","NA","NA","NA","NA","NA","NA","NA","NA","NA","NA","NA","NA","NA","NA","NA","NA","449574","364311","NA","1614","455349","449580","364311","Feng Replication","6","445822","26","yes","1024"
"2","100","100","16661.9259259","16661.9259259","white","no","2","2","xpyriment","legacy","legacy","0","n","Easy","uniform","undefined","1","NA","NA","NA","undefined","undefined","NA","0","NA","0","0","5","NA","NA","5","NA","NA","5","0","NA","NA","0","0","0","0","0","0","0","0","18","0","0","0","0","0","0","0","0","0","0","0","0","0","0","0","0","0","0","0","0","0","0","0","0","0","0","0","0","0","0","0","0","NA","18","18","NA","0","37","18","18","06/23/17 11:53:33","The main experiment item","yes","FengReplication.osexp","C:\Users\Levi\Desktop","no","mono","no","18","no","black","no","yes","768","6","Do you have any questions so far?<br /><br/>If not, you may press the spacebar key to read the first passage.","legacy","18","Her lyrical mastery shines in many passages of her writings.","18","0","5","18","C:/Users/Levi/Desktop/subject-3006.csv","xpyriment","Jazzy James","3.1.6","5942b73bb83f690229b9b281","1","n","0","space","space","NA","NA","NA","space","n","4050","3178","NA","NA","NA","4050","2011","2","legacy","1024","2","48000","-16","experiment","3006","even","1614","NA","NA","NA","300686","NA","NA","300686","NA","NA","300681","1616","NA","NA","NA","NA","NA","NA","NA","NA","NA","NA","455682","303886","NA","303886","NA","NA","NA","NA","NA","NA","NA","NA","NA","NA","NA","NA","NA","NA","NA","NA","NA","NA","NA","NA","NA","NA","NA","NA","NA","NA","NA","NA","NA","NA","455676","364311","NA","1614","459733","455682","364311","Feng Replication","6","449872","27","yes","1024"
"2","100","100","16186.5357143","16186.5357143","white","no","2","2","xpyriment","legacy","legacy","0","n","Easy","uniform","undefined","1","NA","NA","NA","undefined","undefined","NA","0","NA","0","0","5","NA","NA","5","NA","NA","5","0","NA","NA","0","0","0","0","0","0","0","0","19","0","0","0","0","0","0","0","0","0","0","0","0","0","0","0","0","0","0","0","0","0","0","0","0","0","0","0","0","0","0","0","0","NA","19","19","NA","0","39","19","19","06/23/17 11:53:33","The main experiment item","yes","FengReplication.osexp","C:\Users\Levi\Desktop","no","mono","no","18","no","black","no","yes","768","6","Do you have any questions so far?<br /><br/>If not, you may press the spacebar key to read the first passage.","legacy","19","Italy was a kind of promised land for Elizabeth Browning.","19","0","5","19","C:/Users/Levi/Desktop/subject-3006.csv","xpyriment","Jazzy James","3.1.6","5942b73bb83f690229b9b281","1","n","0","space","space","NA","NA","NA","space","n","3351","3178","NA","NA","NA","3351","2011","2","legacy","1024","2","48000","-16","experiment","3006","even","1614","NA","NA","NA","300686","NA","NA","300686","NA","NA","300681","1616","NA","NA","NA","NA","NA","NA","NA","NA","NA","NA","460012","303886","NA","303886","NA","NA","NA","NA","NA","NA","NA","NA","NA","NA","NA","NA","NA","NA","NA","NA","NA","NA","NA","NA","NA","NA","NA","NA","NA","NA","NA","NA","NA","NA","460006","364311","NA","1614","463364","460012","364311","Feng Replication","6","453223","28","yes","1024"
"2","100","100","15795.2758621","15795.2758621","white","no","2","2","xpyriment","legacy","legacy","0","n","Easy","uniform","undefined","1","NA","NA","NA","undefined","undefined","NA","0","NA","0","0","5","NA","NA","5","NA","NA","5","0","NA","NA","0","0","0","0","0","0","0","0","20","0","0","0","0","0","0","0","0","0","0","0","0","0","0","0","0","0","0","0","0","0","0","0","0","0","0","0","0","0","0","0","0","NA","20","20","NA","0","41","20","20","06/23/17 11:53:33","The main experiment item","yes","FengReplication.osexp","C:\Users\Levi\Desktop","no","mono","no","18","no","black","no","yes","768","6","Do you have any questions so far?<br /><br/>If not, you may press the spacebar key to read the first passage.","legacy","20","In the summer, she and her husband lived in Florence or in little <br/>villages.","20","0","5","20","C:/Users/Levi/Desktop/subject-3006.csv","xpyriment","Jazzy James","3.1.6","5942b73bb83f690229b9b281","1","n","0","space","space","NA","NA","NA","space","n","4840","3178","NA","NA","NA","4840","2011","2","legacy","1024","2","48000","-16","experiment","3006","even","1614","NA","NA","NA","300686","NA","NA","300686","NA","NA","300681","1616","NA","NA","NA","NA","NA","NA","NA","NA","NA","NA","463655","303886","NA","303886","NA","NA","NA","NA","NA","NA","NA","NA","NA","NA","NA","NA","NA","NA","NA","NA","NA","NA","NA","NA","NA","NA","NA","NA","NA","NA","NA","NA","NA","NA","463649","364311","NA","1614","468496","463655","364311","Feng Replication","6","458063","29","yes","1024"
"2","100","100","15458.2","15458.2","white","no","2","2","xpyriment","legacy","legacy","0","n","Easy","uniform","undefined","1","NA","NA","NA","undefined","undefined","NA","0","NA","0","0","5","NA","NA","5","NA","NA","5","0","NA","NA","0","0","0","0","0","0","0","0","21","0","0","0","0","0","0","0","0","0","0","0","0","0","0","0","0","0","0","0","0","0","0","0","0","0","0","0","0","0","0","0","0","NA","21","21","NA","0","43","21","21","06/23/17 11:53:33","The main experiment item","yes","FengReplication.osexp","C:\Users\Levi\Desktop","no","mono","no","18","no","black","no","yes","768","6","Do you have any questions so far?<br /><br/>If not, you may press the spacebar key to read the first passage.","legacy","21","She drank in the sun of the south and the warmth of her husband's <br/>love.","21","0","5","21","C:/Users/Levi/Desktop/subject-3006.csv","xpyriment","Jazzy James","3.1.6","5942b73bb83f690229b9b281","1","n","0","space","space","NA","NA","NA","space","n","5683","3178","NA","NA","NA","5683","2011","2","legacy","1024","2","48000","-16","experiment","3006","even","1614","NA","NA","NA","300686","NA","NA","300686","NA","NA","300681","1616","NA","NA","NA","NA","NA","NA","NA","NA","NA","NA","468788","303886","NA","303886","NA","NA","NA","NA","NA","NA","NA","NA","NA","NA","NA","NA","NA","NA","NA","NA","NA","NA","NA","NA","NA","NA","NA","NA","NA","NA","NA","NA","NA","NA","468782","364311","NA","1614","474472","468788","364311","Feng Replication","6","463746","30","yes","1024"
"2","100","100","15104.3225806","15104.3225806","white","no","2","2","xpyriment","legacy","legacy","0","n","Easy","uniform","undefined","1","NA","NA","NA","undefined","undefined","NA","0","NA","0","0","5","NA","NA","5","NA","NA","5","0","NA","NA","0","0","0","0","0","0","0","0","22","0","0","0","0","0","0","0","0","0","0","0","0","0","0","0","0","0","0","0","0","0","0","0","0","0","0","0","0","0","0","0","0","NA","22","22","NA","0","45","22","22","06/23/17 11:53:33","The main experiment item","yes","FengReplication.osexp","C:\Users\Levi\Desktop","no","mono","no","18","no","black","no","yes","768","6","Do you have any questions so far?<br /><br/>If not, you may press the spacebar key to read the first passage.","legacy","22","She blossomed in a life of delicate happiness for fifteen years.","22","0","5","22","C:/Users/Levi/Desktop/subject-3006.csv","xpyriment","Jazzy James","3.1.6","5942b73bb83f690229b9b281","1","n","0","space","space","NA","NA","NA","space","n","4488","3178","NA","NA","NA","4488","2011","2","legacy","1024","2","48000","-16","experiment","3006","even","1614","NA","NA","NA","300686","NA","NA","300686","NA","NA","300681","1616","NA","NA","NA","NA","NA","NA","NA","NA","NA","NA","474746","303886","NA","303886","NA","NA","NA","NA","NA","NA","NA","NA","NA","NA","NA","NA","NA","NA","NA","NA","NA","NA","NA","NA","NA","NA","NA","NA","NA","NA","NA","NA","NA","NA","474740","364311","NA","1614","479235","474746","364311","Feng Replication","6","468234","31","yes","1024"
"2","100","100","14758.40625","14758.40625","white","no","2","2","xpyriment","legacy","legacy","0","n","Easy","uniform","undefined","1","NA","NA","NA","undefined","undefined","NA","0","NA","0","0","5","NA","NA","5","NA","NA","5","0","NA","NA","0","0","0","0","0","0","0","0","23","0","0","0","0","0","0","0","0","0","0","0","0","0","0","0","0","0","0","0","0","0","0","0","0","0","0","0","0","0","0","0","0","NA","23","23","NA","0","47","23","23","06/23/17 11:53:33","The main experiment item","yes","FengReplication.osexp","C:\Users\Levi\Desktop","no","mono","no","18","no","black","no","yes","768","6","Do you have any questions so far?<br /><br/>If not, you may press the spacebar key to read the first passage.","legacy","23","She found friends in Italy, most of them cultured Americans.","23","0","5","23","C:/Users/Levi/Desktop/subject-3006.csv","xpyriment","Jazzy James","3.1.6","5942b73bb83f690229b9b281","1","n","0","space","space","NA","NA","NA","space","n","4035","3178","NA","NA","NA","4035","2011","2","legacy","1024","2","48000","-16","experiment","3006","even","1614","NA","NA","NA","300686","NA","NA","300686","NA","NA","300681","1616","NA","NA","NA","NA","NA","NA","NA","NA","NA","NA","479509","303886","NA","303886","NA","NA","NA","NA","NA","NA","NA","NA","NA","NA","NA","NA","NA","NA","NA","NA","NA","NA","NA","NA","NA","NA","NA","NA","NA","NA","NA","NA","NA","NA","479503","364311","NA","1614","483544","479509","364311","Feng Replication","6","472269","32","yes","1024"
"2","100","100","14603.8181818","14603.8181818","white","no","2","2","xpyriment","legacy","legacy","0","n","Easy","uniform","undefined","1","NA","NA","NA","undefined","undefined","NA","0","NA","0","0","5","NA","NA","5","NA","NA","5","0","NA","NA","0","0","0","0","0","0","0","0","24","0","0","0","0","0","0","0","0","0","0","0","0","0","0","0","0","0","0","0","0","0","0","0","0","0","0","0","0","0","0","0","0","NA","24","24","NA","0","49","24","24","06/23/17 11:53:33","The main experiment item","yes","FengReplication.osexp","C:\Users\Levi\Desktop","no","mono","no","18","no","black","no","yes","768","6","Do you have any questions so far?<br /><br/>If not, you may press the spacebar key to read the first passage.","legacy","24","Hawthorne saw the Browning's there: the New England thinker and <br/>essayist Margaret Fuller visited them.","24","0","5","24","C:/Users/Levi/Desktop/subject-3006.csv","xpyriment","Jazzy James","3.1.6","5942b73bb83f690229b9b281","1","y","0","space","space","NA","NA","NA","space","n","9657","3178","NA","NA","NA","9657","2011","2","legacy","1024","2","48000","-16","experiment","3006","even","1614","NA","NA","NA","300686","NA","NA","300686","NA","NA","300681","1616","NA","NA","NA","NA","NA","NA","NA","NA","NA","NA","483900","303886","NA","303886","NA","NA","NA","NA","NA","NA","NA","NA","NA","NA","NA","NA","NA","NA","NA","NA","NA","NA","NA","NA","NA","NA","NA","NA","NA","NA","NA","NA","NA","NA","483894","364311","NA","1614","493559","483901","364311","Feng Replication","6","481926","33","yes","1024"
"2","100","100","14287.5294118","14287.5294118","white","no","2","2","xpyriment","legacy","legacy","0","n","Easy","uniform","undefined","1","NA","NA","NA","undefined","undefined","NA","0","NA","0","0","5","NA","NA","5","NA","NA","5","0","NA","NA","0","0","0","0","0","0","0","0","24","0","0","0","0","0","0","0","0","0","0","0","0","0","0","0","0","0","0","0","0","0","0","0","0","0","0","0","0","0","0","0","0","NA","24","24","NA","0","49","24","24","06/23/17 11:53:33","The main experiment item","yes","FengReplication.osexp","C:\Users\Levi\Desktop","no","mono","no","18","no","black","no","yes","768","6","Do you have any questions so far?<br /><br/>If not, you may press the spacebar key to read the first passage.","legacy","24","Hawthorne saw the Browning's there: the New England thinker and <br/>essayist Margaret Fuller visited them.","24","0","5","24","C:/Users/Levi/Desktop/subject-3006.csv","xpyriment","Jazzy James","3.1.6","5942b73bb83f690229b9b281","1","y","0","y","space","NA","NA","NA","space","y","3850","3178","NA","NA","NA","9657","3850","2","legacy","1024","2","48000","-16","experiment","3006","even","1614","NA","NA","NA","300686","NA","NA","300686","NA","NA","300681","1616","NA","NA","NA","NA","NA","NA","NA","NA","NA","NA","483900","303886","NA","303886","NA","NA","NA","NA","NA","NA","NA","NA","NA","NA","NA","NA","NA","NA","NA","NA","NA","NA","NA","NA","NA","NA","NA","NA","NA","NA","NA","NA","NA","NA","483894","493634","NA","1614","497485","483901","493634","Feng Replication","6","485776","34","yes","1024"
"2","100","100","14086.8571429","14086.8571429","white","no","2","2","xpyriment","legacy","legacy","0","n","Easy","uniform","undefined","1","NA","NA","NA","undefined","undefined","NA","0","NA","0","0","5","NA","NA","5","NA","NA","5","0","NA","NA","0","0","0","0","0","0","0","0","25","0","0","0","0","0","0","0","0","0","0","0","0","0","0","0","0","0","0","0","0","0","0","0","0","0","0","0","0","0","0","0","0","NA","25","25","NA","0","51","25","25","06/23/17 11:53:33","The main experiment item","yes","FengReplication.osexp","C:\Users\Levi\Desktop","no","mono","no","18","no","black","no","yes","768","6","Do you have any questions so far?<br /><br/>If not, you may press the spacebar key to read the first passage.","legacy","25","The painter Story and the young sculptress Harriet Hosmer came.","25","0","5","25","C:/Users/Levi/Desktop/subject-3006.csv","xpyriment","Jazzy James","3.1.6","5942b73bb83f690229b9b281","1","n","0","space","space","NA","NA","NA","space","y","7264","3178","NA","NA","NA","7264","3850","2","legacy","1024","2","48000","-16","experiment","3006","even","1614","NA","NA","NA","300686","NA","NA","300686","NA","NA","300681","1616","NA","NA","NA","NA","NA","NA","NA","NA","NA","NA","497760","303886","NA","303886","NA","NA","NA","NA","NA","NA","NA","NA","NA","NA","NA","NA","NA","NA","NA","NA","NA","NA","NA","NA","NA","NA","NA","NA","NA","NA","NA","NA","NA","NA","497754","493634","NA","1614","505025","497760","493634","Feng Replication","6","493040","35","yes","1024"
"2","100","100","14060.5555556","14060.5555556","white","no","2","2","xpyriment","legacy","legacy","0","n","Easy","uniform","undefined","1","NA","NA","NA","undefined","undefined","NA","0","NA","0","0","5","NA","NA","5","NA","NA","5","0","NA","NA","0","0","0","0","0","0","0","0","26","0","0","0","0","0","0","0","0","0","0","0","0","0","0","0","0","0","0","0","0","0","0","0","0","0","0","0","0","0","0","0","0","NA","26","26","NA","0","53","26","26","06/23/17 11:53:33","The main experiment item","yes","FengReplication.osexp","C:\Users\Levi\Desktop","no","mono","no","18","no","black","no","yes","768","6","Do you have any questions so far?<br /><br/>If not, you may press the spacebar key to read the first passage.","legacy","26","One caller records that Robert Browning was 'simple, natural, and <br/>playful,' and that Mrs. Browning was all 'genius and <br/>sensibility.'","26","0","5","26","C:/Users/Levi/Desktop/subject-3006.csv","xpyriment","Jazzy James","3.1.6","5942b73bb83f690229b9b281","1","y","0","space","space","NA","NA","NA","space","y","13140","3178","NA","NA","NA","13140","3850","2","legacy","1024","2","48000","-16","experiment","3006","even","1614","NA","NA","NA","300686","NA","NA","300686","NA","NA","300681","1616","NA","NA","NA","NA","NA","NA","NA","NA","NA","NA","505371","303886","NA","303886","NA","NA","NA","NA","NA","NA","NA","NA","NA","NA","NA","NA","NA","NA","NA","NA","NA","NA","NA","NA","NA","NA","NA","NA","NA","NA","NA","NA","NA","NA","505366","493634","NA","1614","518511","505371","493634","Feng Replication","6","506180","36","yes","1024"
"2","100","100","13735.1081081","13735.1081081","white","no","2","2","xpyriment","legacy","legacy","0","n","Easy","uniform","undefined","1","NA","NA","NA","undefined","undefined","NA","0","NA","0","0","5","NA","NA","5","NA","NA","5","0","NA","NA","0","0","0","0","0","0","0","0","26","0","0","0","0","0","0","0","0","0","0","0","0","0","0","0","0","0","0","0","0","0","0","0","0","0","0","0","0","0","0","0","0","NA","26","26","NA","0","53","26","26","06/23/17 11:53:33","The main experiment item","yes","FengReplication.osexp","C:\Users\Levi\Desktop","no","mono","no","18","no","black","no","yes","768","6","Do you have any questions so far?<br /><br/>If not, you may press the spacebar key to read the first passage.","legacy","26","One caller records that Robert Browning was 'simple, natural, and <br/>playful,' and that Mrs. Browning was all 'genius and <br/>sensibility.'","26","0","5","26","C:/Users/Levi/Desktop/subject-3006.csv","xpyriment","Jazzy James","3.1.6","5942b73bb83f690229b9b281","1","y","0","n","space","NA","NA","NA","space","n","2019","3178","NA","NA","NA","13140","2019","2","legacy","1024","2","48000","-16","experiment","3006","even","1614","NA","NA","NA","300686","NA","NA","300686","NA","NA","300681","1616","NA","NA","NA","NA","NA","NA","NA","NA","NA","NA","505371","303886","NA","303886","NA","NA","NA","NA","NA","NA","NA","NA","NA","NA","NA","NA","NA","NA","NA","NA","NA","NA","NA","NA","NA","NA","NA","NA","NA","NA","NA","NA","NA","NA","505366","518587","NA","1614","520607","505371","518587","Feng Replication","6","508199","37","yes","1024"
"2","100","100","13626.3157895","13626.3157895","white","no","2","2","xpyriment","legacy","legacy","0","n","Easy","uniform","undefined","1","NA","NA","NA","undefined","undefined","NA","0","NA","0","0","5","NA","NA","5","NA","NA","5","0","NA","NA","0","0","0","0","0","0","0","0","27","0","0","0","0","0","0","0","0","0","0","0","0","0","0","0","0","0","0","0","0","0","0","0","0","0","0","0","0","0","0","0","0","NA","27","27","NA","0","55","27","27","06/23/17 11:53:33","The main experiment item","yes","FengReplication.osexp","C:\Users\Levi\Desktop","no","mono","no","18","no","black","no","yes","768","6","Do you have any questions so far?<br /><br/>If not, you may press the spacebar key to read the first passage.","legacy","27","Daytimes Browning walked forth with Elizabeth's little dog Flush, but <br/>he seldom could be lured from his home evenings.","27","0","5","27","C:/Users/Levi/Desktop/subject-3006.csv","xpyriment","Jazzy James","3.1.6","5942b73bb83f690229b9b281","1","y","0","space","space","NA","NA","NA","space","n","9601","3178","NA","NA","NA","9601","2019","2","legacy","1024","2","48000","-16","experiment","3006","even","1614","NA","NA","NA","300686","NA","NA","300686","NA","NA","300681","1616","NA","NA","NA","NA","NA","NA","NA","NA","NA","NA","520970","303886","NA","303886","NA","NA","NA","NA","NA","NA","NA","NA","NA","NA","NA","NA","NA","NA","NA","NA","NA","NA","NA","NA","NA","NA","NA","NA","NA","NA","NA","NA","NA","NA","520964","518587","NA","1614","530572","520970","518587","Feng Replication","6","517800","38","yes","1024"
"2","100","100","13316.1794872","13316.1794872","white","no","2","2","xpyriment","legacy","legacy","0","n","Easy","uniform","undefined","1","NA","NA","NA","undefined","undefined","NA","0","NA","0","0","5","NA","NA","5","NA","NA","5","0","NA","NA","0","0","0","0","0","0","0","0","27","0","0","0","0","0","0","0","0","0","0","0","0","0","0","0","0","0","0","0","0","0","0","0","0","0","0","0","0","0","0","0","0","NA","27","27","NA","0","55","27","27","06/23/17 11:53:33","The main experiment item","yes","FengReplication.osexp","C:\Users\Levi\Desktop","no","mono","no","18","no","black","no","yes","768","6","Do you have any questions so far?<br /><br/>If not, you may press the spacebar key to read the first passage.","legacy","27","Daytimes Browning walked forth with Elizabeth's little dog Flush, but <br/>he seldom could be lured from his home evenings.","27","0","5","27","C:/Users/Levi/Desktop/subject-3006.csv","xpyriment","Jazzy James","3.1.6","5942b73bb83f690229b9b281","1","y","0","n","space","NA","NA","NA","space","n","1531","3178","NA","NA","NA","9601","1531","2","legacy","1024","2","48000","-16","experiment","3006","even","1614","NA","NA","NA","300686","NA","NA","300686","NA","NA","300681","1616","NA","NA","NA","NA","NA","NA","NA","NA","NA","NA","520970","303886","NA","303886","NA","NA","NA","NA","NA","NA","NA","NA","NA","NA","NA","NA","NA","NA","NA","NA","NA","NA","NA","NA","NA","NA","NA","NA","NA","NA","NA","NA","NA","NA","520964","530647","NA","1614","532178","520970","530647","Feng Replication","6","519331","39","yes","1024"
"2","100","100","13268.65","13268.65","white","no","2","2","xpyriment","legacy","legacy","0","n","Easy","uniform","undefined","1","NA","NA","NA","undefined","undefined","NA","0","NA","0","0","5","NA","NA","5","NA","NA","5","0","NA","NA","0","0","0","0","0","0","0","0","28","0","0","0","0","0","0","0","0","0","0","0","0","0","0","0","0","0","0","0","0","0","0","0","0","0","0","0","0","0","0","0","0","NA","28","28","NA","0","57","28","28","06/23/17 11:53:33","The main experiment item","yes","FengReplication.osexp","C:\Users\Levi\Desktop","no","mono","no","18","no","black","no","yes","768","6","Do you have any questions so far?<br /><br/>If not, you may press the spacebar key to read the first passage.","legacy","28","One privileged intruder, coming frequently at night to join the poets <br/>over hot chestnuts and mulled wine, found talk good and laughter <br/>plentiful.","28","0","5","28","C:/Users/Levi/Desktop/subject-3006.csv","xpyriment","Jazzy James","3.1.6","5942b73bb83f690229b9b281","1","y","0","space","space","NA","NA","NA","space","n","11415","3178","NA","NA","NA","11415","1531","2","legacy","1024","2","48000","-16","experiment","3006","even","1614","NA","NA","NA","300686","NA","NA","300686","NA","NA","300681","1616","NA","NA","NA","NA","NA","NA","NA","NA","NA","NA","532558","303886","NA","303886","NA","NA","NA","NA","NA","NA","NA","NA","NA","NA","NA","NA","NA","NA","NA","NA","NA","NA","NA","NA","NA","NA","NA","NA","NA","NA","NA","NA","NA","NA","532552","530647","NA","1614","543974","532558","530647","Feng Replication","6","530746","40","yes","1024"
"2","100","100","12969.4390244","12969.4390244","white","no","2","2","xpyriment","legacy","legacy","0","n","Easy","uniform","undefined","1","NA","NA","NA","undefined","undefined","NA","0","NA","0","0","5","NA","NA","5","NA","NA","5","0","NA","NA","0","0","0","0","0","0","0","0","28","0","0","0","0","0","0","0","0","0","0","0","0","0","0","0","0","0","0","0","0","0","0","0","0","0","0","0","0","0","0","0","0","NA","28","28","NA","0","57","28","28","06/23/17 11:53:33","The main experiment item","yes","FengReplication.osexp","C:\Users\Levi\Desktop","no","mono","no","18","no","black","no","yes","768","6","Do you have any questions so far?<br /><br/>If not, you may press the spacebar key to read the first passage.","legacy","28","One privileged intruder, coming frequently at night to join the poets <br/>over hot chestnuts and mulled wine, found talk good and laughter <br/>plentiful.","28","0","5","28","C:/Users/Levi/Desktop/subject-3006.csv","xpyriment","Jazzy James","3.1.6","5942b73bb83f690229b9b281","1","y","0","y","space","NA","NA","NA","space","y","1001","3178","NA","NA","NA","11415","1001","2","legacy","1024","2","48000","-16","experiment","3006","even","1614","NA","NA","NA","300686","NA","NA","300686","NA","NA","300681","1616","NA","NA","NA","NA","NA","NA","NA","NA","NA","NA","532558","303886","NA","303886","NA","NA","NA","NA","NA","NA","NA","NA","NA","NA","NA","NA","NA","NA","NA","NA","NA","NA","NA","NA","NA","NA","NA","NA","NA","NA","NA","NA","NA","NA","532552","544268","NA","1614","545271","532558","544269","Feng Replication","6","531747","41","yes","1024"
"2","100","100","12824.952381","12824.952381","white","no","2","2","xpyriment","legacy","legacy","0","n","Easy","uniform","undefined","1","NA","NA","NA","undefined","undefined","NA","0","NA","0","0","5","NA","NA","5","NA","NA","5","0","NA","NA","0","0","0","0","0","0","0","0","29","0","0","0","0","0","0","0","0","0","0","0","0","0","0","0","0","0","0","0","0","0","0","0","0","0","0","0","0","0","0","0","0","NA","29","29","NA","0","59","29","29","06/23/17 11:53:33","The main experiment item","yes","FengReplication.osexp","C:\Users\Levi\Desktop","no","mono","no","18","no","black","no","yes","768","6","Do you have any questions so far?<br /><br/>If not, you may press the spacebar key to read the first passage.","legacy","29","He found the talk good and the laughter plentiful.","29","0","5","29","C:/Users/Levi/Desktop/subject-3006.csv","xpyriment","Jazzy James","3.1.6","5942b73bb83f690229b9b281","1","n","0","space","space","NA","NA","NA","space","y","6901","3178","NA","NA","NA","6901","1001","2","legacy","1024","2","48000","-16","experiment","3006","even","1614","NA","NA","NA","300686","NA","NA","300686","NA","NA","300681","1616","NA","NA","NA","NA","NA","NA","NA","NA","NA","NA","545865","303886","NA","303886","NA","NA","NA","NA","NA","NA","NA","NA","NA","NA","NA","NA","NA","NA","NA","NA","NA","NA","NA","NA","NA","NA","NA","NA","NA","NA","NA","NA","NA","NA","545860","544268","NA","1614","552766","545865","544269","Feng Replication","6","538648","42","yes","1024"
"2","100","100","12846.4651163","12846.4651163","white","no","2","2","xpyriment","legacy","legacy","0","n","Easy","uniform","undefined","1","NA","NA","NA","undefined","undefined","NA","0","NA","0","0","5","NA","NA","5","NA","NA","5","0","NA","NA","0","0","0","0","0","0","0","0","30","0","0","0","0","0","0","0","0","0","0","0","0","0","0","0","0","0","0","0","0","0","0","0","0","0","0","0","0","0","0","0","0","NA","30","30","NA","0","61","30","30","06/23/17 11:53:33","The main experiment item","yes","FengReplication.osexp","C:\Users\Levi\Desktop","no","mono","no","18","no","black","no","yes","768","6","Do you have any questions so far?<br /><br/>If not, you may press the spacebar key to read the first passage.","legacy","30","The Brownings had a son, Robert Weidemann Browning, during the third <br/>year of their stay in Italy.","30","0","5","30","C:/Users/Levi/Desktop/subject-3006.csv","xpyriment","Jazzy James","3.1.6","5942b73bb83f690229b9b281","1","n","0","space","space","NA","NA","NA","space","y","13750","3178","NA","NA","NA","13750","1001","2","legacy","1024","2","48000","-16","experiment","3006","even","1614","NA","NA","NA","300686","NA","NA","300686","NA","NA","300681","1616","NA","NA","NA","NA","NA","NA","NA","NA","NA","NA","553041","303886","NA","303886","NA","NA","NA","NA","NA","NA","NA","NA","NA","NA","NA","NA","NA","NA","NA","NA","NA","NA","NA","NA","NA","NA","NA","NA","NA","NA","NA","NA","NA","NA","553035","544268","NA","1614","566791","553041","544269","Feng Replication","6","552398","43","yes","1024"
"2","100","100","12670.0909091","12670.0909091","white","no","2","2","xpyriment","legacy","legacy","0","n","Easy","uniform","undefined","1","NA","NA","NA","undefined","undefined","NA","0","NA","0","0","5","NA","NA","5","NA","NA","5","0","NA","NA","0","0","0","0","0","0","0","0","31","0","0","0","0","0","0","0","0","0","0","0","0","0","0","0","0","0","0","0","0","0","0","0","0","0","0","0","0","0","0","0","0","NA","31","31","NA","0","63","31","31","06/23/17 11:53:33","The main experiment item","yes","FengReplication.osexp","C:\Users\Levi\Desktop","no","mono","no","18","no","black","no","yes","768","6","Do you have any questions so far?<br /><br/>If not, you may press the spacebar key to read the first passage.","legacy","31","But a strain of dark dread began to creep through this happy life.","31","0","5","31","C:/Users/Levi/Desktop/subject-3006.csv","xpyriment","Jazzy James","3.1.6","5942b73bb83f690229b9b281","1","n","0","space","space","NA","NA","NA","space","y","5086","3178","NA","NA","NA","5086","1001","2","legacy","1024","2","48000","-16","experiment","3006","even","1614","NA","NA","NA","300686","NA","NA","300686","NA","NA","300681","1616","NA","NA","NA","NA","NA","NA","NA","NA","NA","NA","567047","303886","NA","303886","NA","NA","NA","NA","NA","NA","NA","NA","NA","NA","NA","NA","NA","NA","NA","NA","NA","NA","NA","NA","NA","NA","NA","NA","NA","NA","NA","NA","NA","NA","567041","544268","NA","1614","572133","567047","544269","Feng Replication","6","557484","44","yes","1024"
"2","100","100","12672","12672","white","no","2","2","xpyriment","legacy","legacy","0","n","Easy","uniform","undefined","1","NA","NA","NA","undefined","undefined","NA","0","NA","0","0","5","NA","NA","5","NA","NA","5","0","NA","NA","0","0","0","0","0","0","0","0","32","0","0","0","0","0","0","0","0","0","0","0","0","0","0","0","0","0","0","0","0","0","0","0","0","0","0","0","0","0","0","0","0","NA","32","32","NA","0","65","32","32","06/23/17 11:53:33","The main experiment item","yes","FengReplication.osexp","C:\Users\Levi\Desktop","no","mono","no","18","no","black","no","yes","768","6","Do you have any questions so far?<br /><br/>If not, you may press the spacebar key to read the first passage.","legacy","32","Elizabeth Browning's father died still disapproving of her marriage.","32","0","5","32","C:/Users/Levi/Desktop/subject-3006.csv","xpyriment","Jazzy James","3.1.6","5942b73bb83f690229b9b281","1","n","0","space","space","NA","NA","NA","space","y","12756","3178","NA","NA","NA","12756","1001","2","legacy","1024","2","48000","-16","experiment","3006","even","1614","NA","NA","NA","300686","NA","NA","300686","NA","NA","300681","1616","NA","NA","NA","NA","NA","NA","NA","NA","NA","NA","572369","303886","NA","303886","NA","NA","NA","NA","NA","NA","NA","NA","NA","NA","NA","NA","NA","NA","NA","NA","NA","NA","NA","NA","NA","NA","NA","NA","NA","NA","NA","NA","NA","NA","572363","544268","NA","1614","585125","572369","544269","Feng Replication","6","570240","45","yes","1024"
"2","100","100","12462.5217391","12462.5217391","white","no","2","2","xpyriment","legacy","legacy","0","n","Easy","uniform","undefined","1","NA","NA","NA","undefined","undefined","NA","0","NA","0","0","5","NA","NA","5","NA","NA","5","0","NA","NA","0","0","0","0","0","0","0","0","33","0","0","0","0","0","0","0","0","0","0","0","0","0","0","0","0","0","0","0","0","0","0","0","0","0","0","0","0","0","0","0","0","NA","33","33","NA","0","67","33","33","06/23/17 11:53:33","The main experiment item","yes","FengReplication.osexp","C:\Users\Levi\Desktop","no","mono","no","18","no","black","no","yes","768","6","Do you have any questions so far?<br /><br/>If not, you may press the spacebar key to read the first passage.","legacy","33","He had refused to see her or to allow any of his family to see her.","33","0","5","33","C:/Users/Levi/Desktop/subject-3006.csv","xpyriment","Jazzy James","3.1.6","5942b73bb83f690229b9b281","1","n","0","space","space","NA","NA","NA","space","y","3036","3178","NA","NA","NA","3036","1001","2","legacy","1024","2","48000","-16","experiment","3006","even","1614","NA","NA","NA","300686","NA","NA","300686","NA","NA","300681","1616","NA","NA","NA","NA","NA","NA","NA","NA","NA","NA","585416","303886","NA","303886","NA","NA","NA","NA","NA","NA","NA","NA","NA","NA","NA","NA","NA","NA","NA","NA","NA","NA","NA","NA","NA","NA","NA","NA","NA","NA","NA","NA","NA","NA","585410","544268","NA","1614","588453","585416","544269","Feng Replication","6","573276","46","yes","1024"
"2","100","100","12291.787234","12291.787234","white","no","2","2","xpyriment","legacy","legacy","0","n","Easy","uniform","undefined","1","NA","NA","NA","undefined","undefined","NA","0","NA","0","0","5","NA","NA","5","NA","NA","5","0","NA","NA","0","0","0","0","0","0","0","0","34","0","0","0","0","0","0","0","0","0","0","0","0","0","0","0","0","0","0","0","0","0","0","0","0","0","0","0","0","0","0","0","0","NA","34","34","NA","0","69","34","34","06/23/17 11:53:33","The main experiment item","yes","FengReplication.osexp","C:\Users\Levi\Desktop","no","mono","no","18","no","black","no","yes","768","6","Do you have any questions so far?<br /><br/>If not, you may press the spacebar key to read the first passage.","legacy","34","Elizabeth's dearly loved sister died and left three children who were <br/>all younger than her own boy.","34","0","5","34","C:/Users/Levi/Desktop/subject-3006.csv","xpyriment","Jazzy James","3.1.6","5942b73bb83f690229b9b281","1","n","0","space","space","NA","NA","NA","space","y","4438","3178","NA","NA","NA","4438","1001","2","legacy","1024","2","48000","-16","experiment","3006","even","1614","NA","NA","NA","300686","NA","NA","300686","NA","NA","300681","1616","NA","NA","NA","NA","NA","NA","NA","NA","NA","NA","588757","303886","NA","303886","NA","NA","NA","NA","NA","NA","NA","NA","NA","NA","NA","NA","NA","NA","NA","NA","NA","NA","NA","NA","NA","NA","NA","NA","NA","NA","NA","NA","NA","NA","588752","544268","NA","1614","593195","588757","544269","Feng Replication","6","577714","47","yes","1024"
"2","100","100","12122.3125","12122.3125","white","no","2","2","xpyriment","legacy","legacy","0","n","Easy","uniform","undefined","1","NA","NA","NA","undefined","undefined","NA","0","NA","0","0","5","NA","NA","5","NA","NA","5","0","NA","NA","0","0","0","0","0","0","0","0","35","0","0","0","0","0","0","0","0","0","0","0","0","0","0","0","0","0","0","0","0","0","0","0","0","0","0","0","0","0","0","0","0","NA","35","35","NA","0","71","35","35","06/23/17 11:53:33","The main experiment item","yes","FengReplication.osexp","C:\Users\Levi\Desktop","no","mono","no","18","no","black","no","yes","768","6","Do you have any questions so far?<br /><br/>If not, you may press the spacebar key to read the first passage.","legacy","35","Elizabeth drooped and grieved a little and Robert shielded her from <br/>ordinary visitors.","35","0","5","35","C:/Users/Levi/Desktop/subject-3006.csv","xpyriment","Jazzy James","3.1.6","5942b73bb83f690229b9b281","1","n","0","space","space","NA","NA","NA","space","y","4157","3178","NA","NA","NA","4157","1001","2","legacy","1024","2","48000","-16","experiment","3006","even","1614","NA","NA","NA","300686","NA","NA","300686","NA","NA","300681","1616","NA","NA","NA","NA","NA","NA","NA","NA","NA","NA","593486","303886","NA","303886","NA","NA","NA","NA","NA","NA","NA","NA","NA","NA","NA","NA","NA","NA","NA","NA","NA","NA","NA","NA","NA","NA","NA","NA","NA","NA","NA","NA","NA","NA","593480","544268","NA","1614","597644","593486","544269","Feng Replication","6","581871","48","yes","1024"
"2","100","100","11952.755102","11952.755102","white","no","2","2","xpyriment","legacy","legacy","0","n","Easy","uniform","undefined","1","NA","NA","NA","undefined","undefined","NA","0","NA","0","0","5","NA","NA","5","NA","NA","5","0","NA","NA","0","0","0","0","0","0","0","0","36","0","0","0","0","0","0","0","0","0","0","0","0","0","0","0","0","0","0","0","0","0","0","0","0","0","0","0","0","0","0","0","0","NA","36","36","NA","0","73","36","36","06/23/17 11:53:33","The main experiment item","yes","FengReplication.osexp","C:\Users\Levi\Desktop","no","mono","no","18","no","black","no","yes","768","6","Do you have any questions so far?<br /><br/>If not, you may press the spacebar key to read the first passage.","legacy","36","She had a sudden and alarming attack of sickness but was not <br/>considered in any danger.","36","0","5","36","C:/Users/Levi/Desktop/subject-3006.csv","xpyriment","Jazzy James","3.1.6","5942b73bb83f690229b9b281","1","n","0","space","space","NA","NA","NA","space","y","3814","3178","NA","NA","NA","3814","1001","2","legacy","1024","2","48000","-16","experiment","3006","even","1614","NA","NA","NA","300686","NA","NA","300686","NA","NA","300681","1616","NA","NA","NA","NA","NA","NA","NA","NA","NA","NA","597954","303886","NA","303886","NA","NA","NA","NA","NA","NA","NA","NA","NA","NA","NA","NA","NA","NA","NA","NA","NA","NA","NA","NA","NA","NA","NA","NA","NA","NA","NA","NA","NA","NA","597948","544268","NA","1614","601769","597954","544269","Feng Replication","6","585685","49","yes","1024"
"2","100","100","11849.94","11849.94","white","no","2","2","xpyriment","legacy","legacy","0","n","Easy","uniform","undefined","1","NA","NA","NA","undefined","undefined","NA","0","NA","0","0","5","NA","NA","5","NA","NA","5","0","NA","NA","0","0","0","0","0","0","0","0","37","0","0","0","0","0","0","0","0","0","0","0","0","0","0","0","0","0","0","0","0","0","0","0","0","0","0","0","0","0","0","0","0","NA","37","37","NA","0","75","37","37","06/23/17 11:53:33","The main experiment item","yes","FengReplication.osexp","C:\Users\Levi\Desktop","no","mono","no","18","no","black","no","yes","768","6","Do you have any questions so far?<br /><br/>If not, you may press the spacebar key to read the first passage.","legacy","37","One night, soon after, she awoke from a troubled sleep, apparently <br/>with no idea that she was about to leave Robert.","37","0","5","37","C:/Users/Levi/Desktop/subject-3006.csv","xpyriment","Jazzy James","3.1.6","5942b73bb83f690229b9b281","1","n","0","space","space","NA","NA","NA","space","y","6812","3178","NA","NA","NA","6812","1001","2","legacy","1024","2","48000","-16","experiment","3006","even","1614","NA","NA","NA","300686","NA","NA","300686","NA","NA","300681","1616","NA","NA","NA","NA","NA","NA","NA","NA","NA","NA","602089","303886","NA","303886","NA","NA","NA","NA","NA","NA","NA","NA","NA","NA","NA","NA","NA","NA","NA","NA","NA","NA","NA","NA","NA","NA","NA","NA","NA","NA","NA","NA","NA","NA","602083","544268","NA","1614","608902","602089","544269","Feng Replication","6","592497","50","yes","1024"
"2","100","100","11773.1372549","11773.1372549","white","no","2","2","xpyriment","legacy","legacy","0","n","Easy","uniform","undefined","1","NA","NA","NA","undefined","undefined","NA","0","NA","0","0","5","NA","NA","5","NA","NA","5","0","NA","NA","0","0","0","0","0","0","0","0","38","0","0","0","0","0","0","0","0","0","0","0","0","0","0","0","0","0","0","0","0","0","0","0","0","0","0","0","0","0","0","0","0","NA","38","38","NA","0","77","38","38","06/23/17 11:53:33","The main experiment item","yes","FengReplication.osexp","C:\Users\Levi\Desktop","no","mono","no","18","no","black","no","yes","768","6","Do you have any questions so far?<br /><br/>If not, you may press the spacebar key to read the first passage.","legacy","38","She spoke tenderly about her love for him. In his arms, her head <br/>drooped as though in a faint, but it was the end.","38","0","5","38","C:/Users/Levi/Desktop/subject-3006.csv","xpyriment","Jazzy James","3.1.6","5942b73bb83f690229b9b281","1","n","0","space","space","NA","NA","NA","space","y","7933","3178","NA","NA","NA","7933","1001","2","legacy","1024","2","48000","-16","experiment","3006","even","1614","NA","NA","NA","300686","NA","NA","300686","NA","NA","300681","1616","NA","NA","NA","NA","NA","NA","NA","NA","NA","NA","609201","303886","NA","303886","NA","NA","NA","NA","NA","NA","NA","NA","NA","NA","NA","NA","NA","NA","NA","NA","NA","NA","NA","NA","NA","NA","NA","NA","NA","NA","NA","NA","NA","NA","609196","544268","NA","1614","617135","609202","544269","Feng Replication","6","600430","51","yes","1024"
"2","100","100","11721.1346154","11721.1346154","white","no","2","2","xpyriment","legacy","legacy","0","n","Easy","uniform","undefined","1","NA","NA","NA","undefined","undefined","NA","0","NA","0","0","5","NA","NA","5","NA","NA","5","0","NA","NA","0","0","0","0","0","0","0","0","39","0","0","0","0","0","0","0","0","0","0","0","0","0","0","0","0","0","0","0","0","0","0","0","0","0","0","0","0","0","0","0","0","NA","39","39","NA","0","79","39","39","06/23/17 11:53:33","The main experiment item","yes","FengReplication.osexp","C:\Users\Levi\Desktop","no","mono","no","18","no","black","no","yes","768","6","Do you have any questions so far?<br /><br/>If not, you may press the spacebar key to read the first passage.","legacy","39","Profound and lasting was Browning's grief. 'Looking back,' he said, <br/>'I see that we have been all the time walking over a torrent on a <br/>straw.'","39","0","5","39","C:/Users/Levi/Desktop/subject-3006.csv","xpyriment","Jazzy James","3.1.6","5942b73bb83f690229b9b281","1","y","0","space","space","NA","NA","NA","space","y","9069","3178","NA","NA","NA","9069","1001","2","legacy","1024","2","48000","-16","experiment","3006","even","1614","NA","NA","NA","300686","NA","NA","300686","NA","NA","300681","1616","NA","NA","NA","NA","NA","NA","NA","NA","NA","NA","617602","303886","NA","303886","NA","NA","NA","NA","NA","NA","NA","NA","NA","NA","NA","NA","NA","NA","NA","NA","NA","NA","NA","NA","NA","NA","NA","NA","NA","NA","NA","NA","NA","NA","617596","544268","NA","1614","626671","617602","544269","Feng Replication","6","609499","52","yes","1024"
"2","100","100","11527.0377358","11527.0377358","white","no","2","2","xpyriment","legacy","legacy","0","n","Easy","uniform","undefined","1","NA","NA","NA","undefined","undefined","NA","0","NA","0","0","5","NA","NA","5","NA","NA","5","0","NA","NA","0","0","0","0","0","0","0","0","39","0","0","0","0","0","0","0","0","0","0","0","0","0","0","0","0","0","0","0","0","0","0","0","0","0","0","0","0","0","0","0","0","NA","39","39","NA","0","79","39","39","06/23/17 11:53:33","The main experiment item","yes","FengReplication.osexp","C:\Users\Levi\Desktop","no","mono","no","18","no","black","no","yes","768","6","Do you have any questions so far?<br /><br/>If not, you may press the spacebar key to read the first passage.","legacy","39","Profound and lasting was Browning's grief. 'Looking back,' he said, <br/>'I see that we have been all the time walking over a torrent on a <br/>straw.'","39","0","5","39","C:/Users/Levi/Desktop/subject-3006.csv","xpyriment","Jazzy James","3.1.6","5942b73bb83f690229b9b281","1","y","0","n","space","NA","NA","NA","space","n","1434","3178","NA","NA","NA","9069","1434","2","legacy","1024","2","48000","-16","experiment","3006","even","1614","NA","NA","NA","300686","NA","NA","300686","NA","NA","300681","1616","NA","NA","NA","NA","NA","NA","NA","NA","NA","NA","617602","303886","NA","303886","NA","NA","NA","NA","NA","NA","NA","NA","NA","NA","NA","NA","NA","NA","NA","NA","NA","NA","NA","NA","NA","NA","NA","NA","NA","NA","NA","NA","NA","NA","617596","626753","NA","1614","628188","617602","626753","Feng Replication","6","610933","53","yes","1024"
"","100","100","11416.2","11416.2","white","no","","2","xpyriment","legacy","legacy","0","y","","uniform","1","1","undefined","NA","1","undefined","undefined","b","0","0","0","0","5","0","NA","5","0","NA","5","0","0","NA","0","0","0","0","0","0","0","0","39","0","0","0","0","0","0","0","0","0","0","0","0","0","0","0","0","0","0","0","0","0","0","0","0","0","0","0","0","0","0","0","0","0","39","39","0","0","80","39","39","06/23/17 11:53:33","The main experiment item","yes","FengReplication.osexp","C:\Users\Levi\Desktop","no","mono","no","18","no","black","no","yes","768","7","Now you will take the reading comprehension test for Passage 1. The <br/>questions are in multiple choice format, you will use the letters A <br/>through E on your keyboard to answer. The test is self-paced. <br/>Do you have any questions before you begin?","legacy","1","1.     Flush was the name of the Brownings<br/><br/>a.     cat<br/>b.     dog<br/>c.     canary<br/>d.     turtle<br/>e.     thrush","0","0","5","39","C:/Users/Levi/Desktop/subject-3006.csv","xpyriment","Jazzy James","3.1.6","5942b73bb83f690229b9b281","1","n","0","b","space","space","NA","b","space","n","12828","3178","4130","NA","12828","9069","1434","2","legacy","1024","2","48000","-16","experiment","3006","even","1614","632990","NA","NA","300686","628541","NA","300686","628541","NA","300681","1616","628537","NA","628293","NA","NA","NA","NA","NA","NA","NA","617602","303886","NA","303886","632694","NA","NA","NA","NA","NA","NA","NA","NA","NA","NA","NA","NA","NA","NA","NA","NA","NA","NA","NA","NA","NA","NA","NA","NA","NA","NA","NA","NA","632986","617596","626753","632990","1614","645819","617602","626753","Feng Replication","7","627891","55","yes","1024"
"","100","100","11299.0178571","11299.0178571","white","no","","2","xpyriment","legacy","legacy","0","y","","uniform","1","1","undefined","NA","1","undefined","undefined","a","0","1","0","0","5","0","NA","5","0","NA","5","0","0","NA","0","0","0","0","0","0","0","0","39","0","0","0","0","0","0","0","0","0","0","0","0","0","0","0","0","0","0","0","0","0","0","0","0","0","0","0","0","0","0","0","0","1","39","39","1","0","81","39","39","06/23/17 11:53:33","The main experiment item","yes","FengReplication.osexp","C:\Users\Levi\Desktop","no","mono","no","18","no","black","no","yes","768","7","Now you will take the reading comprehension test for Passage 1. The <br/>questions are in multiple choice format, you will use the letters A <br/>through E on your keyboard to answer. The test is self-paced. <br/>Do you have any questions before you begin?","legacy","2","2.     At night the Brownings often enjoyed<br/><br/>a.     hot chestnuts<br/>b.     a tart with clotted cream<br/>c.     strawberries and cream<br/>d.     caf au lait<br/>e.     cheese souffl","1","0","5","39","C:/Users/Levi/Desktop/subject-3006.csv","xpyriment","Jazzy James","3.1.6","5942b73bb83f690229b9b281","1","n","0","a","space","space","NA","a","space","n","4854","3178","4130","NA","4854","9069","1434","2","legacy","1024","2","48000","-16","experiment","3006","even","1614","646206","NA","NA","300686","628541","NA","300686","628541","NA","300681","1616","628537","NA","628293","NA","NA","NA","NA","NA","NA","NA","617602","303886","NA","303886","632694","NA","NA","NA","NA","NA","NA","NA","NA","NA","NA","NA","NA","NA","NA","NA","NA","NA","NA","NA","NA","NA","NA","NA","NA","NA","NA","NA","NA","646202","617596","626753","646206","1614","651061","617602","626753","Feng Replication","8","632745","56","yes","1024"
"","100","100","11166.4561404","11166.4561404","white","no","","2","xpyriment","legacy","legacy","0","y","","uniform","1","1","undefined","NA","1","undefined","undefined","e","0","2","0","0","5","0","NA","5","0","NA","5","0","0","NA","0","0","0","0","0","0","0","0","39","0","0","0","0","0","0","0","0","0","0","0","0","0","0","0","0","0","0","0","0","0","0","0","0","0","0","0","0","0","0","0","0","2","39","39","2","0","82","39","39","06/23/17 11:53:33","The main experiment item","yes","FengReplication.osexp","C:\Users\Levi\Desktop","no","mono","no","18","no","black","no","yes","768","7","Now you will take the reading comprehension test for Passage 1. The <br/>questions are in multiple choice format, you will use the letters A <br/>through E on your keyboard to answer. The test is self-paced. <br/>Do you have any questions before you begin?","legacy","3","3.     The Brownings saw<br/><br/>a.     Coleridge<br/>b.     Byron<br/>c.     Walt Whitman<br/>d.     Poe<br/>e.     Hawthorne","2","0","5","39","C:/Users/Levi/Desktop/subject-3006.csv","xpyriment","Jazzy James","3.1.6","5942b73bb83f690229b9b281","1","n","0","e","space","space","NA","e","space","n","3743","3178","4130","NA","3743","9069","1434","2","legacy","1024","2","48000","-16","experiment","3006","even","1614","651408","NA","NA","300686","628541","NA","300686","628541","NA","300681","1616","628537","NA","628293","NA","NA","NA","NA","NA","NA","NA","617602","303886","NA","303886","632694","NA","NA","NA","NA","NA","NA","NA","NA","NA","NA","NA","NA","NA","NA","NA","NA","NA","NA","NA","NA","NA","NA","NA","NA","NA","NA","NA","NA","651404","617596","626753","651408","1614","655152","617602","626753","Feng Replication","9","636488","57","yes","1024"
